Text,Size,Color,Angle,Font,Repeat,URL
User,111,Random,Random,Random,Yes,
Favorite,102,Random,Random,Random,Yes,
Course,79,Random,Random,Random,Yes,
Tag,70,Random,Random,Random,Yes,
Event,36,Random,Random,Random,Yes,
Assessment,36,Random,Random,Random,Yes,
Comment,34,Random,Random,Random,Yes,
Set,31,Random,Random,Random,Yes,
Page,31,Random,Random,Random,Yes,
Role,28,Random,Random,Random,Yes,
Link,27,Random,Random,Random,Yes,
Request,27,Random,Random,Random,Yes,
Project,27,Random,Random,Random,Yes,
Admin,25,Random,Random,Random,Yes,
Post,25,Random,Random,Random,Yes,
Group,25,Random,Random,Random,Yes,
Version,25,Random,Random,Random,Yes,
Question,24,Random,Random,Random,Yes,
Account,23,Random,Random,Random,Yes,
Attached,22,Random,Random,Random,Yes,
Category,22,Random,Random,Random,Yes,
Item,22,Random,Random,Random,Yes,
Answer,21,Random,Random,Random,Yes,
Translations,20,Random,Random,Random,Yes,
Feature,19,Random,Random,Random,Yes,
Document,19,Random,Random,Random,Yes,
Response,19,Random,Random,Random,Yes,
File,19,Random,Random,Random,Yes,
Active,18,Random,Random,Random,Yes,
Notification,18,Random,Random,Random,Yes,
Access,18,Random,Random,Random,Yes,
Oauth,17,Random,Random,Random,Yes,
Email,16,Random,Random,Random,Yes,
List,16,Random,Random,Random,Yes,
Team,16,Random,Random,Random,Yes,
Sipity,16,Random,Random,Random,Yes,
Job,15,Random,Random,Random,Yes,
Organisation,15,Random,Random,Random,Yes,
Session,14,Random,Random,Random,Yes,
Report,14,Random,Random,Random,Yes,
Invite,14,Random,Random,Random,Yes,
Article,14,Random,Random,Random,Yes,
Ci,14,Random,Random,Random,Yes,
Follow,13,Random,Random,Random,Yes,
Membership,13,Random,Random,Random,Yes,
Topic,13,Random,Random,Random,Yes,
Data,13,Random,Random,Random,Yes,
Subscriptions,13,Random,Random,Random,Yes,
Task,13,Random,Random,Random,Yes,
Messages,13,Random,Random,Random,Yes,
Custom,13,Random,Random,Random,Yes,
Note,12,Random,Random,Random,Yes,
Section,12,Random,Random,Random,Yes,
Service,12,Random,Random,Random,Yes,
Submission,12,Random,Random,Random,Yes,
Votes,12,Random,Random,Random,Yes,
Survey,12,Random,Random,Random,Yes,
Authentication,12,Random,Random,Random,Yes,
Participant,12,Random,Random,Random,Yes,
Application,12,Random,Random,Random,Yes,
Collection,12,Random,Random,Random,Yes,
Work,12,Random,Random,Random,Yes,
People,12,Random,Random,Random,Yes,
Member,11,Random,Random,Random,Yes,
Log,11,Random,Random,Random,Yes,
Location,11,Random,Random,Random,Yes,
Import,11,Random,Random,Random,Yes,
Payment,11,Random,Random,Random,Yes,
Cms,11,Random,Random,Random,Yes,
Delayed,11,Random,Random,Random,Yes,
Tokens,11,Random,Random,Random,Yes,
Photo,11,Random,Random,Random,Yes,
Edition,11,Random,Random,Random,Yes,
Announcement,10,Random,Random,Random,Yes,
Key,10,Random,Random,Random,Yes,
Author,10,Random,Random,Random,Yes,
Order,10,Random,Random,Random,Yes,
Asset,9,Random,Random,Random,Yes,
Forum,9,Random,Random,Random,Yes,
Address,9,Random,Random,Random,Yes,
Label,9,Random,Random,Random,Yes,
Site,9,Random,Random,Random,Yes,
Skill,9,Random,Random,Random,Yes,
Contact,9,Random,Random,Random,Yes,
Types,9,Random,Random,Random,Yes,
Related,9,Random,Random,Random,Yes,
Discussion,9,Random,Random,Random,Yes,
Content,9,Random,Random,Random,Yes,
Comfy,9,Random,Random,Random,Yes,
Taxon,9,Random,Random,Random,Yes,
Name,8,Random,Random,Random,Yes,
Identities,8,Random,Random,Random,Yes,
Plan,8,Random,Random,Random,Yes,
Assignment,8,Random,Random,Random,Yes,
Issue,8,Random,Random,Random,Yes,
Programming,8,Random,Random,Random,Yes,
Lesson,8,Random,Random,Random,Yes,
Wiki,8,Random,Random,Random,Yes,
Upload,8,Random,Random,Random,Yes,
Statistics,8,Random,Random,Random,Yes,
Observation,8,Random,Random,Random,Yes,
Field,8,Random,Random,Random,Yes,
Workflow,8,Random,Random,Random,Yes,
Worldwide,8,Random,Random,Random,Yes,
Api,7,Random,Random,Random,Yes,
Github,7,Random,Random,Random,Yes,
Doc,7,Random,Random,Random,Yes,
Result,7,Random,Random,Random,Yes,
Options,7,Random,Random,Random,Yes,
Number,7,Random,Random,Random,Yes,
Poll,7,Random,Random,Random,Yes,
Action,7,Random,Random,Random,Yes,
Image,7,Random,Random,Random,Yes,
Blocks,7,Random,Random,Random,Yes,
Cluster,7,Random,Random,Random,Yes,
Conversions,7,Random,Random,Random,Yes,
Merge,7,Random,Random,Random,Yes,
Card,7,Random,Random,Random,Yes,
Classification,7,Random,Random,Random,Yes,
Histories,6,Random,Random,Random,Yes,
Mail,6,Random,Random,Random,Yes,
Network,6,Random,Random,Random,Yes,
Organizer,6,Random,Random,Random,Yes,
Profile,6,Random,Random,Random,Yes,
Repositories,6,Random,Random,Random,Yes,
Grants,6,Random,Random,Random,Yes,
Preferences,6,Random,Random,Random,Yes,
Password,6,Random,Random,Random,Yes,
Permission,6,Random,Random,Random,Yes,
Audit,6,Random,Random,Random,Yes,
Metric,6,Random,Random,Random,Yes,
Product,6,Random,Random,Random,Yes,
Kind,6,Random,Random,Random,Yes,
Source,6,Random,Random,Random,Yes,
Open,6,Random,Random,Random,Yes,
Stat,6,Random,Random,Random,Yes,
Download,5,Random,Random,Random,Yes,
Update,5,Random,Random,Random,Yes,
Template,5,Random,Random,Random,Yes,
Migrate,5,Random,Random,Random,Yes,
Backup,5,Random,Random,Random,Yes,
Visits,5,Random,Random,Random,Yes,
Campaign,5,Random,Random,Random,Yes,
Line,5,Random,Random,Random,Yes,
Languages,5,Random,Random,Random,Yes,
Levels,5,Random,Random,Random,Yes,
View,5,Random,Random,Random,Yes,
Folder,5,Random,Random,Random,Yes,
External,5,Random,Random,Random,Yes,
Countries,5,Random,Random,Random,Yes,
Rate,5,Random,Random,Random,Yes,
Challenge,5,Random,Random,Random,Yes,
Policy,5,Random,Random,Random,Yes,
Suggested,5,Random,Random,Random,Yes,
Prompt,5,Random,Random,Random,Yes,
Social,5,Random,Random,Random,Yes,
Domain,5,Random,Random,Random,Yes,
Protected,5,Random,Random,Random,Yes,
Web,5,Random,Random,Random,Yes,
Search,5,Random,Random,Random,Yes,
Filter,5,Random,Random,Random,Yes,
Taxa,5,Random,Random,Random,Yes,
State,5,Random,Random,Random,Yes,
Id,5,Random,Random,Random,Yes,
Associated,5,Random,Random,Random,Yes,
Vanity,5,Random,Random,Random,Yes,
World,5,Random,Random,Random,Yes,
Rails,4,Random,Random,Random,Yes,
Track,4,Random,Random,Random,Yes,
Rules,4,Random,Random,Random,Yes,
Tickets,4,Random,Random,Random,Yes,
Codes,4,Random,Random,Random,Yes,
Opportunity,4,Random,Random,Random,Yes,
App,4,Random,Random,Random,Yes,
Aliases,4,Random,Random,Random,Yes,
Contract,4,Random,Random,Random,Yes,
Quotation,4,Random,Random,Random,Yes,
Instance,4,Random,Random,Random,Yes,
Grades,4,Random,Random,Random,Yes,
Multiple,4,Random,Random,Random,Yes,
Text,4,Random,Random,Random,Yes,
Branch,4,Random,Random,Random,Yes,
Condition,4,Random,Random,Random,Yes,
Points,4,Random,Random,Random,Yes,
Todos,4,Random,Random,Random,Yes,
Video,4,Random,Random,Random,Yes,
Read,4,Random,Random,Random,Yes,
Provider,4,Random,Random,Random,Yes,
Geo,4,Random,Random,Random,Yes,
Relationships,4,Random,Random,Random,Yes,
Dataset,4,Random,Random,Random,Yes,
Flags,4,Random,Random,Random,Yes,
Feedback,4,Random,Random,Random,Yes,
Questionnaires,4,Random,Random,Random,Yes,
Bookmark,4,Random,Random,Random,Yes,
Checker,4,Random,Random,Random,Yes,
Times,4,Random,Random,Random,Yes,
Score,4,Random,Random,Random,Yes,
Transactions,4,Random,Random,Random,Yes,
Cart,4,Random,Random,Random,Yes,
Omeka,4,Random,Random,Random,Yes,
Board,4,Random,Random,Random,Yes,
Variables,4,Random,Random,Random,Yes,
Pipeline,4,Random,Random,Random,Yes,
Attributes,4,Random,Random,Random,Yes,
Person,4,Random,Random,Random,Yes,
Sync,4,Random,Random,Random,Yes,
Media,4,Random,Random,Random,Yes,
Qualification,4,Random,Random,Random,Yes,
Invoice,4,Random,Random,Random,Yes,
Goal,4,Random,Random,Random,Yes,
Stories,4,Random,Random,Random,Yes,
Statuses,4,Random,Random,Random,Yes,
Checkin,4,Random,Random,Random,Yes,
Local,4,Random,Random,Random,Yes,
Equipment,4,Random,Random,Random,Yes,
Mailboxer,4,Random,Random,Random,Yes,
Merit,4,Random,Random,Random,Yes,
Deleted,3,Random,Random,Random,Yes,
Stream,3,Random,Random,Random,Yes,
Greenfield,3,Random,Random,Random,Yes,
Schedule,3,Random,Random,Random,Yes,
Change,3,Random,Random,Random,Yes,
Canvas,3,Random,Random,Random,Yes,
Saved,3,Random,Random,Random,Yes,
Schema,3,Random,Random,Random,Yes,
Alert,3,Random,Random,Random,Yes,
Hierarchies,3,Random,Random,Random,Yes,
Protip,3,Random,Random,Random,Yes,
Pictures,3,Random,Random,Random,Yes,
Abilities,3,Random,Random,Random,Yes,
Stages,3,Random,Random,Random,Yes,
Achievements,3,Random,Random,Random,Yes,
Auto,3,Random,Random,Random,Yes,
Scribing,3,Random,Random,Random,Yes,
Records,3,Random,Random,Random,Yes,
Material,3,Random,Random,Random,Yes,
Part,3,Random,Random,Random,Yes,
Place,3,Random,Random,Random,Yes,
Notice,3,Random,Random,Random,Yes,
Phone,3,Random,Random,Random,Yes,
Faq,3,Random,Random,Random,Yes,
Artist,3,Random,Random,Random,Yes,
News,3,Random,Random,Random,Yes,
Reset,3,Random,Random,Random,Yes,
Nonces,3,Random,Random,Random,Yes,
Dates,3,Random,Random,Random,Yes,
Deployments,3,Random,Random,Random,Yes,
Ahoy,3,Random,Random,Random,Yes,
Sc,3,Random,Random,Random,Yes,
Build,3,Random,Random,Random,Yes,
Trigger,3,Random,Random,Random,Yes,
Fork,3,Random,Random,Random,Yes,
Gpg,3,Random,Random,Random,Yes,
Diff,3,Random,Random,Random,Yes,
Push,3,Random,Random,Random,Yes,
Redirect,3,Random,Random,Random,Yes,
Hook,3,Random,Random,Random,Yes,
Format,3,Random,Random,Random,Yes,
Plant,3,Random,Random,Random,Yes,
Simplified,3,Random,Random,Random,Yes,
Values,3,Random,Random,Random,Yes,
Signup,3,Random,Random,Random,Yes,
Deposit,3,Random,Random,Random,Yes,
Councillor,3,Random,Random,Random,Yes,
Discipline,3,Random,Random,Random,Yes,
Home,3,Random,Random,Random,Yes,
Variant,3,Random,Random,Random,Yes,
Race,3,Random,Random,Random,Yes,
Models,3,Random,Random,Random,Yes,
Requirements,3,Random,Random,Random,Yes,
Tolk,3,Random,Random,Random,Yes,
Accessories,3,Random,Random,Random,Yes,
Consultation,3,Random,Random,Random,Yes,
Promotional,3,Random,Random,Random,Yes,
Reminders,2,Random,Random,Random,Yes,
Measurements,2,Random,Random,Random,Yes,
Playlist,2,Random,Random,Random,Yes,
Replies,2,Random,Random,Random,Yes,
Status,2,Random,Random,Random,Yes,
Recent,2,Random,Random,Random,Yes,
Uids,2,Random,Random,Random,Yes,
Auth,2,Random,Random,Random,Yes,
Badges,2,Random,Random,Random,Yes,
Fact,2,Random,Random,Random,Yes,
Likes,2,Random,Random,Random,Yes,
Sent,2,Random,Random,Random,Yes,
Spam,2,Random,Random,Random,Yes,
Contributors,2,Random,Random,Random,Yes,
Methods,2,Random,Random,Random,Yes,
Opro,2,Random,Random,Random,Yes,
Client,2,Random,Random,Random,Yes,
Repo,2,Random,Random,Random,Yes,
Completed,2,Random,Random,Random,Yes,
Terms,2,Random,Random,Random,Yes,
References,2,Random,Random,Random,Yes,
Tabs,2,Random,Random,Random,Yes,
Test,2,Random,Random,Random,Yes,
Voice,2,Random,Random,Random,Yes,
Experience,2,Random,Random,Random,Yes,
Milestones,2,Random,Random,Random,Yes,
Generic,2,Random,Random,Random,Yes,
Marks,2,Random,Random,Random,Yes,
Gates,2,Random,Random,Random,Yes,
Channels,2,Random,Random,Random,Yes,
Appearances,2,Random,Random,Random,Yes,
Im,2,Random,Random,Random,Yes,
Info,2,Random,Random,Random,Yes,
Star,2,Random,Random,Random,Yes,
Websites,2,Random,Random,Random,Yes,
Clef,2,Random,Random,Random,Yes,
Advertisement,2,Random,Random,Random,Yes,
Bans,2,Random,Random,Random,Yes,
Pool,2,Random,Random,Random,Yes,
Bids,2,Random,Random,Random,Yes,
Controller,2,Random,Random,Random,Yes,
Deadline,2,Random,Random,Random,Yes,
Rights,2,Random,Random,Random,Yes,
Plagiarism,2,Random,Random,Random,Yes,
Choices,2,Random,Random,Random,Yes,
Maps,2,Random,Random,Random,Yes,
Review,2,Random,Random,Random,Yes,
Sign,2,Random,Random,Random,Yes,
Up,2,Random,Random,Random,Yes,
System,2,Random,Random,Random,Yes,
Tree,2,Random,Random,Random,Yes,
Discount,2,Random,Random,Random,Yes,
Library,2,Random,Random,Random,Yes,
Mass,2,Random,Random,Random,Yes,
Refunds,2,Random,Random,Random,Yes,
Clientperf,2,Random,Random,Random,Yes,
Collaborators,2,Random,Random,Random,Yes,
Ia,2,Random,Random,Random,Yes,
Oai,2,Random,Random,Random,Yes,
Abuse,2,Random,Random,Random,Yes,
Emoji,2,Random,Random,Random,Yes,
Chat,2,Random,Random,Random,Yes,
Trace,2,Random,Random,Random,Yes,
Runner,2,Random,Random,Random,Yes,
Gcp,2,Random,Random,Random,Yes,
Deploy,2,Random,Random,Random,Yes,
Lfs,2,Random,Random,Random,Yes,
Objects,2,Random,Random,Random,Yes,
Commit,2,Random,Random,Random,Yes,
Routes,2,Random,Random,Random,Yes,
Snippets,2,Random,Random,Random,Yes,
Metadata,2,Random,Random,Random,Yes,
Agent,2,Random,Random,Random,Yes,
Revisions,2,Random,Random,Random,Yes,
Crops,2,Random,Random,Random,Yes,
Gardens,2,Random,Random,Random,Yes,
Harvests,2,Random,Random,Random,Yes,
Seeds,2,Random,Random,Random,Yes,
Configs,2,Random,Random,Random,Yes,
Add,2,Random,Random,Random,Yes,
Colors,2,Random,Random,Random,Yes,
Flow,2,Random,Random,Random,Yes,
Resources,2,Random,Random,Random,Yes,
Contributions,2,Random,Random,Random,Yes,
Scheme,2,Random,Random,Random,Yes,
Hat,2,Random,Random,Random,Yes,
Moderation,2,Random,Random,Random,Yes,
Blacklisted,2,Random,Random,Random,Yes,
Default,2,Random,Random,Random,Yes,
Draft,2,Random,Random,Random,Yes,
Stance,2,Random,Random,Random,Yes,
Usage,2,Random,Random,Random,Yes,
Mutes,2,Random,Random,Random,Yes,
Favourites,2,Random,Random,Random,Yes,
Preview,2,Random,Random,Random,Yes,
Entries,2,Random,Random,Random,Yes,
Chapters,2,Random,Random,Random,Yes,
Exam,2,Random,Random,Random,Yes,
Albums,2,Random,Random,Random,Yes,
Verses,2,Random,Random,Random,Yes,
Prayer,2,Random,Random,Random,Yes,
Archive,2,Random,Random,Random,Yes,
Creatorships,2,Random,Random,Random,Yes,
Counts,2,Random,Random,Random,Yes,
Gift,2,Random,Random,Random,Yes,
Owned,2,Random,Random,Random,Yes,
Potential,2,Random,Random,Random,Yes,
Match,2,Random,Random,Random,Yes,
Skin,2,Random,Random,Random,Yes,
Nominations,2,Random,Random,Random,Yes,
Ownerships,2,Random,Random,Random,Yes,
Wrangling,2,Random,Random,Random,Yes,
Adjustments,2,Random,Random,Random,Yes,
Duplicates,2,Random,Random,Random,Yes,
Editor,2,Random,Random,Random,Yes,
Non,2,Random,Random,Random,Yes,
Single,2,Random,Random,Random,Yes,
Procedures,2,Random,Random,Random,Yes,
Operations,2,Random,Random,Random,Yes,
Proxy,2,Random,Random,Random,Yes,
Qa,2,Random,Random,Random,Yes,
Entity,2,Random,Random,Random,Yes,
Contexts,2,Random,Random,Random,Yes,
Sashes,2,Random,Random,Random,Yes,
Delivery,2,Random,Random,Random,Yes,
Sku,2,Random,Random,Random,Yes,
Form,2,Random,Random,Random,Yes,
Appointments,2,Random,Random,Random,Yes,
Check,2,Random,Random,Random,Yes,
Historical,2,Random,Random,Random,Yes,
Office,2,Random,Random,Random,Yes,
Things,1,Random,Random,Random,Yes,
Regressions,1,Random,Random,Random,Yes,
Audio,1,Random,Random,Random,Yes,
Listens,1,Random,Random,Random,Yes,
Pics,1,Random,Random,Random,Yes,
Candidates,1,Random,Random,Random,Yes,
Parties,1,Random,Random,Random,Yes,
Tenants,1,Random,Random,Random,Yes,
Synchronization,1,Random,Random,Random,Yes,
Oec,1,Random,Random,Random,Yes,
Fixed,1,Random,Random,Random,Yes,
Webcast,1,Random,Random,Random,Yes,
Seized,1,Random,Random,Random,Yes,
Dumps,1,Random,Random,Random,Yes,
Classes,1,Random,Random,Random,Yes,
Anomalies,1,Random,Random,Random,Yes,
Origins,1,Random,Random,Random,Yes,
Modes,1,Random,Random,Random,Yes,
Webmail,1,Random,Random,Random,Yes,
Connections,1,Random,Random,Random,Yes,
Annotations,1,Random,Random,Random,Yes,
Polyglot,1,Random,Random,Random,Yes,
Cases,1,Random,Random,Random,Yes,
Scribbles,1,Random,Random,Random,Yes,
Solutions,1,Random,Random,Random,Yes,
Enrol,1,Random,Random,Random,Yes,
Virtual,1,Random,Random,Random,Yes,
Classrooms,1,Random,Random,Random,Yes,
Cities,1,Random,Random,Random,Yes,
Geonames,1,Random,Random,Random,Yes,
Trips,1,Random,Random,Random,Yes,
Avatars,1,Random,Random,Random,Yes,
Castle,1,Random,Random,Random,Yes,
Crypt,1,Random,Random,Random,Yes,
Dailies,1,Random,Random,Random,Yes,
Recurrencies,1,Random,Random,Random,Yes,
Federatings,1,Random,Random,Random,Yes,
Hourlies,1,Random,Random,Random,Yes,
Tools,1,Random,Random,Random,Yes,
Plugin,1,Random,Random,Random,Yes,
Possibles,1,Random,Random,Random,Yes,
Showings,1,Random,Random,Random,Yes,
Thumbnails,1,Random,Random,Random,Yes,
Locks,1,Random,Random,Random,Yes,
Rounds,1,Random,Random,Random,Yes,
Mandrill,1,Random,Random,Random,Yes,
Definitions,1,Random,Random,Random,Yes,
Ckeditor,1,Random,Random,Random,Yes,
Rewards,1,Random,Random,Random,Yes,
Hits,1,Random,Random,Random,Yes,
Amazon,1,Random,Random,Random,Yes,
Urls,1,Random,Random,Random,Yes,
Dmails,1,Random,Random,Random,Yes,
Ip,1,Random,Random,Random,Yes,
Janitor,1,Random,Random,Random,Yes,
Trials,1,Random,Random,Random,Yes,
Mod,1,Random,Random,Random,Yes,
Appeals,1,Random,Random,Random,Yes,
Disapprovals,1,Random,Random,Random,Yes,
Implications,1,Random,Random,Random,Yes,
Automated,1,Random,Random,Random,Yes,
Metareviews,1,Random,Random,Random,Yes,
Calculated,1,Random,Random,Random,Yes,
Penalties,1,Random,Random,Random,Yes,
Due,1,Random,Random,Random,Yes,
Institutions,1,Random,Random,Random,Yes,
Join,1,Random,Random,Random,Yes,
Late,1,Random,Random,Random,Yes,
Markup,1,Random,Random,Random,Yes,
Styles,1,Random,Random,Random,Yes,
Menu,1,Random,Random,Random,Yes,
Nodes,1,Random,Random,Random,Yes,
Comparisons,1,Random,Random,Random,Yes,
Advices,1,Random,Random,Random,Yes,
Quiz,1,Random,Random,Random,Yes,
Resubmission,1,Random,Random,Random,Yes,
Paste,1,Random,Random,Random,Yes,
Bins,1,Random,Random,Random,Yes,
Ta,1,Random,Random,Random,Yes,
Pastebins,1,Random,Random,Random,Yes,
Business,1,Random,Random,Random,Yes,
Direct,1,Random,Random,Random,Yes,
Debit,1,Random,Random,Random,Yes,
Mandates,1,Random,Random,Random,Yes,
Exhibits,1,Random,Random,Random,Yes,
Fair,1,Random,Random,Random,Yes,
Trust,1,Random,Random,Random,Yes,
Hearts,1,Random,Random,Random,Yes,
Elements,1,Random,Random,Random,Yes,
Producer,1,Random,Random,Random,Yes,
Uris,1,Random,Random,Random,Yes,
Owners,1,Random,Random,Random,Yes,
Deeds,1,Random,Random,Random,Yes,
Leaves,1,Random,Random,Random,Yes,
Canvases,1,Random,Random,Random,Yes,
Manifests,1,Random,Random,Random,Yes,
Table,1,Random,Random,Random,Yes,
Cells,1,Random,Random,Random,Yes,
Tex,1,Random,Random,Random,Yes,
Figures,1,Random,Random,Random,Yes,
Transcribe,1,Random,Random,Random,Yes,
Award,1,Random,Random,Random,Yes,
Broadcast,1,Random,Random,Random,Yes,
Platforms,1,Random,Random,Random,Yes,
Kubernetes,1,Random,Random,Random,Yes,
Helm,1,Random,Random,Random,Yes,
Ingress,1,Random,Random,Random,Yes,
Container,1,Random,Random,Random,Yes,
Development,1,Random,Random,Random,Yes,
Index,1,Random,Random,Random,Yes,
Environments,1,Random,Random,Random,Yes,
Subkeys,1,Random,Random,Random,Yes,
Signatures,1,Random,Random,Random,Yes,
Assignees,1,Random,Random,Random,Yes,
Priorities,1,Random,Random,Random,Yes,
Closing,1,Random,Random,Random,Yes,
Namespaces,1,Random,Random,Random,Yes,
Openid,1,Random,Random,Random,Yes,
Devops,1,Random,Random,Random,Yes,
Create,1,Random,Random,Random,Yes,
Payloads,1,Random,Random,Random,Yes,
Releases,1,Random,Random,Random,Yes,
Timelogs,1,Random,Random,Random,Yes,
Registrations,1,Random,Random,Random,Yes,
Details,1,Random,Random,Random,Yes,
Crews,1,Random,Random,Random,Yes,
Magazines,1,Random,Random,Random,Yes,
Sizes,1,Random,Random,Random,Yes,
Stitchings,1,Random,Random,Random,Yes,
Alternate,1,Random,Random,Random,Yes,
Categorizations,1,Random,Random,Random,Yes,
Layouts,1,Random,Random,Random,Yes,
Median,1,Random,Random,Random,Yes,
Functions,1,Random,Random,Random,Yes,
Scientific,1,Random,Random,Random,Yes,
Tweets,1,Random,Random,Random,Yes,
Attachinary,1,Random,Random,Random,Yes,
Pg,1,Random,Random,Random,Yes,
Additional,1,Random,Random,Random,Yes,
Ignored,1,Random,Random,Random,Yes,
Approvers,1,Random,Random,Random,Yes,
Hours,1,Random,Random,Random,Yes,
Mileages,1,Random,Random,Random,Yes,
Counties,1,Random,Random,Random,Yes,
Flickr,1,Random,Random,Random,Yes,
Identifications,1,Random,Random,Random,Yes,
Picasa,1,Random,Random,Random,Yes,
Geometries,1,Random,Random,Random,Yes,
Quality,1,Random,Random,Random,Yes,
Ranges,1,Random,Random,Random,Yes,
Env,1,Random,Random,Random,Yes,
Vars,1,Random,Random,Random,Yes,
Servers,1,Random,Random,Random,Yes,
Songs,1,Random,Random,Random,Yes,
Hidden,1,Random,Random,Random,Yes,
Keystores,1,Random,Random,Random,Yes,
Titles,1,Random,Random,Random,Yes,
Cohorts,1,Random,Random,Random,Yes,
Covers,1,Random,Random,Random,Yes,
Readers,1,Random,Random,Random,Yes,
Vectors,1,Random,Random,Random,Yes,
Login,1,Random,Random,Random,Yes,
Omniauth,1,Random,Random,Random,Yes,
Outcomes,1,Random,Random,Random,Yes,
Communities,1,Random,Random,Random,Yes,
Unsubscriptions,1,Random,Random,Random,Yes,
Reactions,1,Random,Random,Random,Yes,
Themes,1,Random,Random,Random,Yes,
Deactivation,1,Random,Random,Random,Yes,
Webhooks,1,Random,Random,Random,Yes,
Mentions,1,Random,Random,Random,Yes,
Pins,1,Random,Random,Random,Yes,
Books,1,Random,Random,Random,Yes,
Complements,1,Random,Random,Random,Yes,
Exercises,1,Random,Random,Random,Yes,
Guides,1,Random,Random,Random,Yes,
Paths,1,Random,Random,Random,Yes,
Families,1,Random,Random,Random,Yes,
Rows,1,Random,Random,Random,Yes,
Processed,1,Random,Random,Random,Yes,
Recipes,1,Random,Random,Random,Yes,
Signin,1,Random,Random,Random,Yes,
Failures,1,Random,Random,Random,Yes,
Twitter,1,Random,Random,Random,Yes,
Verifications,1,Random,Random,Random,Yes,
Sits,1,Random,Random,Random,Yes,
Banners,1,Random,Random,Random,Yes,
Claims,1,Random,Random,Random,Yes,
Common,1,Random,Random,Random,Yes,
Fannish,1,Random,Random,Random,Yes,
Next,1,Random,Random,Random,Yes,
Kins,1,Random,Random,Random,Yes,
Exchanges,1,Random,Random,Random,Yes,
Inbox,1,Random,Random,Random,Yes,
Known,1,Random,Random,Random,Yes,
Kudos,1,Random,Random,Random,Yes,
Meta,1,Random,Random,Random,Yes,
Memes,1,Random,Random,Random,Yes,
Restrictions,1,Random,Random,Random,Yes,
Pseuds,1,Random,Random,Random,Yes,
Serial,1,Random,Random,Random,Yes,
Series,1,Random,Random,Random,Yes,
Parents,1,Random,Random,Random,Yes,
Counters,1,Random,Random,Random,Yes,
Guidelines,1,Random,Random,Random,Yes,
Fund,1,Random,Random,Random,Yes,
Partial,1,Random,Random,Random,Yes,
Proofs,1,Random,Random,Random,Yes,
Running,1,Random,Random,Random,Yes,
Simple,1,Random,Random,Random,Yes,
Captcha,1,Random,Random,Random,Yes,
Trades,1,Random,Random,Random,Yes,
Two,1,Random,Random,Random,Yes,
Factors,1,Random,Random,Random,Yes,
Withdraws,1,Random,Random,Random,Yes,
Positions,1,Random,Random,Random,Yes,
Salesforce,1,Random,Random,Random,Yes,
Subscribers,1,Random,Random,Random,Yes,
Donations,1,Random,Random,Random,Yes,
Batches,1,Random,Random,Random,Yes,
Blogs,1,Random,Random,Random,Yes,
Caches,1,Random,Random,Random,Yes,
Pings,1,Random,Random,Random,Yes,
Sidebars,1,Random,Random,Random,Yes,
Sitealizer,1,Random,Random,Random,Yes,
Fitbit,1,Random,Random,Random,Yes,
Spatial,1,Random,Random,Random,Yes,
Ref,1,Random,Random,Random,Yes,
Sys,1,Random,Random,Random,Yes,
Weights,1,Random,Random,Random,Yes,
Withings,1,Random,Random,Random,Yes,
Competition,1,Random,Random,Random,Yes,
Bar,1,Random,Random,Random,Yes,
Issuers,1,Random,Random,Random,Yes,
Offline,1,Random,Random,Random,Yes,
Licenses,1,Random,Random,Random,Yes,
Gateway,1,Random,Random,Random,Yes,
Regions,1,Random,Random,Random,Yes,
Velodromes,1,Random,Random,Random,Yes,
Rentals,1,Random,Random,Random,Yes,
Blackouts,1,Random,Random,Random,Yes,
Checkout,1,Random,Random,Random,Yes,
Reservations,1,Random,Random,Random,Yes,
Smtp,1,Random,Random,Random,Yes,
Gem,1,Random,Random,Random,Yes,
Linksets,1,Random,Random,Random,Yes,
Rubygems,1,Random,Random,Random,Yes,
Autologin,1,Random,Random,Random,Yes,
Credit,1,Random,Random,Random,Yes,
Monthly,1,Random,Random,Random,Yes,
Profit,1,Random,Random,Random,Yes,
Losses,1,Random,Random,Random,Yes,
Checksum,1,Random,Random,Random,Yes,
Curation,1,Random,Random,Random,Yes,
Concerns,1,Random,Random,Random,Yes,
Opt,1,Random,Random,Random,Yes,
Outs,1,Random,Random,Random,Yes,
Receipts,1,Random,Random,Random,Yes,
Minter,1,Random,Random,Random,Yes,
Queued,1,Random,Random,Random,Yes,
Use,1,Random,Random,Random,Yes,
Specific,1,Random,Random,Random,Yes,
Notifiable,1,Random,Random,Random,Yes,
Recipients,1,Random,Random,Random,Yes,
Sufia,1,Random,Random,Random,Yes,
Superusers,1,Random,Random,Random,Yes,
Tinymce,1,Random,Random,Random,Yes,
Trophies,1,Random,Random,Random,Yes,
Committers,1,Random,Random,Random,Yes,
Hubs,1,Random,Random,Random,Yes,
Proposals,1,Random,Random,Random,Yes,
Dividers,1,Random,Random,Random,Yes,
Bounces,1,Random,Random,Random,Yes,
Google,1,Random,Random,Random,Yes,
Slots,1,Random,Random,Random,Yes,
Teambox,1,Random,Random,Random,Yes,
Flashes,1,Random,Random,Random,Yes,
Success,1,Random,Random,Random,Yes,
Recurring,1,Random,Random,Random,Yes,
Phrases,1,Random,Random,Random,Yes,
Accessorisations,1,Random,Random,Random,Yes,
Prices,1,Random,Random,Random,Yes,
Destinations,1,Random,Random,Random,Yes,
Redactor,1,Random,Random,Random,Yes,
Stock,1,Random,Random,Random,Yes,
Store,1,Random,Random,Random,Yes,
Hangout,1,Random,Random,Random,Yes,
Snapshots,1,Random,Random,Random,Yes,
Karmas,1,Random,Random,Random,Yes,
Newsletters,1,Random,Random,Random,Yes,
Static,1,Random,Random,Random,Yes,
Editorial,1,Random,Random,Random,Yes,
Remarks,1,Random,Random,Random,Yes,
Fatality,1,Random,Random,Random,Yes,
Casualties,1,Random,Random,Random,Yes,
Financial,1,Random,Random,Random,Yes,
Force,1,Random,Random,Random,Yes,
Publication,1,Random,Random,Random,Yes,
Attempts,1,Random,Random,Random,Yes,
Governments,1,Random,Random,Random,Yes,
Govspeak,1,Random,Random,Random,Yes,
Errors,1,Random,Random,Random,Yes,
Nation,1,Random,Random,Random,Yes,
Inapplicabilities,1,Random,Random,Random,Yes,
Offsite,1,Random,Random,Random,Yes,
Supersedings,1,Random,Random,Random,Yes,
Mainstreams,1,Random,Random,Random,Yes,
Sitewide,1,Random,Random,Random,Yes,
Specialist,1,Random,Random,Random,Yes,
Sectors,1,Random,Random,Random,Yes,
Sponsorships,1,Random,Random,Random,Yes,
Take,1,Random,Random,Random,Yes,
Unpublishings,1,Random,Random,Random,Yes,
