"name","count_data"
"at",3069
"id",2971
"created",1361
"updated",1292
"name",578
"type",545
"user",522
"count",247
"description",226
"file",224
"in",217
"email",216
"token",202
"title",195
"last",192
"sign",183
"content",179
"password",154
"url",149
"post",139
"by",119
"ip",118
"is",111
"size",105
"body",95
"version",92
"project",90
"key",89
"reset",87
"status",87
"account",82
"page",80
"current",80
"sent",79
"image",78
"slug",75
"state",73
"tag",71
"site",70
"encrypted",69
"creator",68
"parent",68
"text",65
"comment",65
"group",65
"date",64
"source",63
"admin",63
"number",62
"address",61
"position",60
"code",60
"owner",60
"value",60
"remember",58
"to",58
"deleted",56
"active",55
"message",54
"category",52
"item",52
"data",51
"on",49
"person",49
"role",49
"locked",48
"expires",48
"updater",47
"author",47
"time",47
"label",46
"event",46
"logo",46
"num",45
"photo",44
"country",42
"enabled",41
"locale",40
"html",39
"login",39
"request",39
"notes",39
"reason",39
"location",38
"public",38
"confirmation",37
"first",37
"link",37
"access",36
"comments",36
"required",36
"attach",36
"from",36
"uid",36
"of",35
"city",35
"work",34
"resource",34
"avatar",33
"organisation",33
"contact",33
"target",33
"max",33
"action",33
"username",32
"price",32
"question",32
"amount",31
"default",31
"provider",30
"path",30
"sanitizer",30
"start",30
"level",30
"secret",30
"collection",29
"phone",28
"team",28
"document",28
"icon",28
"member",28
"summary",28
"taggable",28
"private",27
"allowed",27
"import",27
"course",26
"language",26
"topic",26
"merge",26
"points",25
"error",25
"order",25
"weight",25
"set",24
"agent",24
"article",23
"salt",23
"list",23
"total",23
"notification",23
"subject",23
"taxon",23
"uri",23
"edition",22
"limit",22
"session",22
"object",22
"display",22
"confirmed",22
"commit",22
"priority",22
"service",22
"identifier",22
"score",22
"events",21
"note",21
"application",21
"participant",21
"payment",21
"api",21
"published",21
"signup",21
"for",20
"can",20
"vote",20
"github",20
"percentage",20
"currency",20
"submission",20
"ids",19
"show",19
"width",19
"completed",19
"height",19
"review",19
"quantity",19
"markdown",18
"allow",18
"notify",18
"due",18
"recipient",18
"profile",18
"workflow",18
"kind",18
"read",18
"tagger",18
"failed",18
"card",18
"place",17
"twitter",17
"media",17
"discussion",17
"threshold",17
"challenge",17
"attachment",17
"run",17
"domain",17
"zip",17
"requests",16
"redirect",16
"scopes",16
"organization",16
"asset",16
"attempts",16
"flag",16
"facebook",16
"zone",16
"answer",15
"fee",15
"tags",15
"cached",15
"emails",15
"app",15
"model",15
"color",15
"days",15
"started",15
"pages",15
"meta",15
"instance",15
"line",15
"disabled",15
"latitude",15
"ordering",15
"format",15
"visible",15
"longitude",15
"cover",15
"queue",15
"company",14
"permalink",14
"featured",14
"commentable",14
"filename",14
"attachable",14
"any",14
"cents",14
"actable",14
"context",14
"hidden",14
"addr",13
"include",13
"external",13
"reply",13
"hide",13
"ct",13
"job",13
"issues",13
"related",13
"response",13
"rating",13
"short",13
"min",13
"views",13
"members",13
"transport",13
"handler",13
"tax",13
"custom",13
"sequence",13
"form",13
"otp",12
"preferred",12
"share",12
"unconfirmed",12
"raw",12
"instructions",12
"modified",12
"fingerprint",12
"require",12
"invitation",12
"revoked",12
"observation",12
"assigned",12
"video",12
"leader",12
"follower",12
"namespace",12
"activity",12
"invite",12
"settings",12
"unit",11
"lock",11
"poll",11
"auto",11
"story",11
"factor",11
"additional",11
"length",11
"oauth",11
"assignment",11
"header",11
"explanation",11
"open",11
"ref",11
"translation",11
"other",11
"result",11
"pipeline",11
"sha",11
"goal",11
"cache",11
"issue",11
"full",11
"purchase",11
"change",10
"handle",10
"primary",10
"rate",10
"grade",10
"q1",10
"scope",10
"linkedin",10
"fandom",10
"billing",10
"expiration",10
"utm",10
"view",10
"repo",10
"creation",10
"digest",10
"product",10
"followable",10
"unique",10
"string",10
"year",10
"used",10
"optional",10
"equipment",10
"details",10
"approved",10
"reference",10
"pseud",10
"iv",10
"delta",10
"section",10
"index",10
"website",10
"stars",10
"two",10
"new",10
"votable",10
"wiki",10
"penalty",10
"visibility",10
"resolved",9
"task",9
"off",9
"environment",9
"grading",9
"server",9
"closed",9
"unified",9
"info",9
"mongo",9
"whodunnit",9
"omeka",9
"refresh",9
"template",9
"extra",9
"preview",9
"main",9
"month",9
"receive",9
"accepted",9
"subscription",9
"skill",9
"finished",9
"me",9
"carrierwave",9
"worldwide",9
"cd",9
"character",9
"permission",9
"alt",9
"remote",9
"sc",9
"shared",9
"bio",9
"no",9
"signature",9
"itunes",9
"search",9
"home",9
"archived",9
"authentication",8
"checkin",8
"posts",8
"social",8
"vat",8
"blog",8
"invited",8
"per",8
"latest",8
"lat",8
"prompt",8
"term",8
"options",8
"seq",8
"checkboxes",8
"postal",8
"anonymous",8
"mobile",8
"contactable",8
"ticket",8
"medium",8
"base",8
"taggings",8
"mode",8
"thumbnail",8
"relationship",8
"crypted",8
"doc",8
"row",8
"filter",8
"banned",8
"method",8
"rank",8
"fax",8
"theme",8
"field",8
"sms",8
"desc",8
"reviews",8
"forum",8
"terms",8
"campaign",8
"projects",8
"metrics",8
"original",8
"submitted",8
"delivery",8
"starts",7
"mp3",7
"check",7
"classification",7
"visit",7
"day",7
"cost",7
"favorite",7
"folder",7
"depth",7
"rubygem",7
"repository",7
"option",7
"cluster",7
"region",7
"processed",7
"period",7
"about",7
"keywords",7
"freeform",7
"protected",7
"license",7
"edited",7
"xml",7
"tracking",7
"operation",7
"when",7
"push",7
"shipping",7
1,7
"warning",7
"timestamp",7
2,7
"voter",7
"expire",7
"im",7
"errors",7
"host",7
"identity",6
"guest",6
"uploader",6
"birth",6
"maximum",6
"associated",6
"metadata",6
"secondary",6
"auth",6
"observations",6
"params",6
"forename",6
"lng",6
"changes",6
"css",6
"works",6
"notifiable",6
"entity",6
"screen",6
"board",6
"spam",6
"s",6
"geo",6
"csv",6
"courier",6
"seen",6
"auditable",6
"questionnaire",6
"legacy",6
"nickname",6
"upload",6
"nomination",6
"feature",6
"renewal",6
"build",6
"branch",6
"tel",6
"cancellation",6
"general",6
"world",6
"expired",6
"paid",6
"results",6
"fields",6
"class",6
"update",6
"call",6
"artifacts",6
"web",6
"editor",6
"excl",6
"failure",6
"family",6
"reviewer",6
"discussions",6
"offer",6
"verified",6
"analytics",6
"gpg",6
"publication",6
"support",6
"previous",6
"benefit",6
"crop",6
"sensor",6
"uses",6
"instructor",6
"smtp",6
"viewed",6
"draft",6
"ad",6
"registration",6
"translated",6
"conditions",6
"diff",6
"street",6
"book",6
"complete",6
"help",5
"port",5
"discount",5
"policy",5
"restrict",5
"restricted",5
"tasks",5
"billed",5
"ratings",5
"surname",5
"authors",5
"protection",5
"permissions",5
"large",5
"ssl",5
"membership",5
"old",5
"fair",5
"hit",5
"done",5
"votes",5
"table",5
"use",5
"layout",5
"edit",5
"transcription",5
"out",5
"href",5
"restriction",5
"round",5
"activated",5
"closing",5
"mailing",5
"before",5
"directory",5
"root",5
"bonus",5
"evaluation",5
"operator",5
"canvas",5
"runners",5
"minimum",5
"bank",5
"items",5
"sku",5
"versioned",5
"synced",5
"organizer",5
"favicon",5
"unlock",5
"harvest",5
"origin",5
"direct",5
"fund",5
"alternative",5
"volume",5
"style",5
"youtube",5
"verification",5
"geom",5
"noteable",5
"add",5
"network",5
"iconic",5
"checked",5
"aasm",5
3,5
"stripe",5
"cancelled",5
"query",5
"major",5
"granted",5
"thing",5
"committer",4
"minor",4
"not",4
"cart",4
"counts",4
"customer",4
"timezone",4
"deadline",4
"browser",4
"raising",4
"discipline",4
"platform",4
"tweet",4
"ci",4
"subscriber",4
"recent",4
"picture",4
"close",4
"stats",4
"referrer",4
"contribution",4
"council",4
"bar",4
"invitations",4
"s3",4
"statement",4
"trackable",4
"week",4
"very",4
"owned",4
"survey",4
"taxa",4
"controlling",4
"front",4
"success",4
"low",4
"successful",4
"schedule",4
"choices",4
"news",4
"applications",4
"free",4
"recorded",4
"uploaded",4
"overdue",4
"requester",4
"opportunity",4
"lead",4
"native",4
"high",4
"subscribable",4
"assetable",4
"children",4
"skin",4
"head",4
"placeholder",4
"barcode",4
"observed",4
"approval",4
"offers",4
"has",4
"small",4
"sort",4
"lft",4
"faq",4
"the",4
"command",4
"blocked",4
"authority",4
"backup",4
"signups",4
"coverage",4
"and",4
"iid",4
"rgt",4
"announcement",4
"proposal",4
"participation",4
"artist",4
"gap",4
"waiting",4
"inviter",4
"contributors",4
"quiz",4
"fullname",4
"client",4
"clicked",4
"office",4
"rejected",4
"child",4
"reveal",4
"names",4
"median",4
"up",4
"memberships",4
"reportable",4
"salesforce",4
"uuid",4
"grace",4
"paper",4
"received",4
"available",4
"assessment",4
"banner",4
"assignee",4
"headers",4
"likes",4
"operand",4
"plan",4
"ancestor",4
"checkout",4
"matched",4
"documentation",4
"area",4
"cat",4
"mainstream",4
"after",4
"begin",4
"guide",4
"write",4
"test",4
"times",4
"sidebar",4
"pic",4
"recaptcha",4
"watchers",4
"caption",4
"dataset",4
"labor",4
"all",4
"duration",4
"information",4
"transaction",4
"package",4
"topics",4
"filterable",4
"measurement",4
"production",4
"sticky",4
"warnings",4
"moderator",4
"awareness",4
"readable",4
"block",3
"expected",3
"record",3
"do",3
"with",3
"association",3
"part",3
"upvotes",3
"visitor",3
"only",3
"mentions",3
"release",3
"way",3
"seller",3
"visited",3
"song",3
"offset",3
"delete",3
"archive",3
"log",3
"invoice",3
"ancestry",3
"codes",3
"statut",3
"enable",3
"groups",3
"buyer",3
"visits",3
"frequency",3
"match",3
"age",3
"student",3
"pipelines",3
"local",3
"disable",3
"milestone",3
"followers",3
"scheme",3
"verse",3
"insecure",3
"referral",3
"submissions",3
"environments",3
"debit",3
"device",3
"tos",3
"variant",3
"sn",3
"jobs",3
"added",3
"os",3
"preferences",3
"tone",3
"album",3
"canonical",3
"articles",3
"sash",3
"wikipedia",3
"adress1",3
"participants",3
"statistics",3
"strategy",3
"councillor",3
"lesson",3
"categories",3
"deployments",3
"as",3
"bike",3
"channel",3
"metric",3
"inbox",3
"tool",3
"stock",3
"department",3
"series",3
"dismissed",3
"rel",3
"adress2",3
"waveform",3
"entrepreneur",3
"notifier",3
"copy",3
"prometheus",3
"motions",3
"claimed",3
"confidential",3
"community",3
"feedback",3
"proxy",3
"flyer",3
"regex",3
"solution",3
"conversation",3
"chat",3
"party",3
"desk",3
"notified",3
"accessory",3
"political",3
"stance",3
"mail",3
"accessible",3
"mass",3
"accuracy",3
"moderated",3
"balance",3
"newsletter",3
"billable",3
"properties",3
"static",3
"quotation",3
"notifications",3
"receiver",3
"contributor",3
"hat",3
"parameters",3
"photos",3
"relative",3
"badge",3
"markup",3
"step",3
"tagline",3
"weeks",3
"assignments",3
"landing",3
"runner",3
"precious",3
"todo",3
"checksum",3
"dttm",3
"columns",3
"attachments",3
"rss",3
"clef",3
"listens",3
"formatted",3
"flow",3
"file1",3
"upcoming",3
"commenter",3
"interval",3
"collect",3
"paypal",3
"experiment",3
"flickr",3
"reviewed",3
"conservation",3
"controller",3
"fees",3
"achievement",3
"finish",3
"file2",3
"race",3
"reblogs",3
"stage",3
"forked",3
"exhibition",3
"f3",3
"edits",3
"sum",3
"skip",3
"links",3
"geometry",3
"protip",3
"datetime",3
"repeats",3
"until",3
"qualification",3
"notice",3
"invitee",3
"credentials",3
"spaminess",3
"trigger",3
"selected",3
"txid",3
"create",3
"replied",3
"lfs",3
"affiliation",3
"flags",3
"subtitle",3
"committed",3
"embed",3
"attributes",3
"ocr",3
"awarded",3
"milestones",3
"keyid",3
"range",3
"footer",3
"audited",3
"languages",3
"system",3
"hotness",3
"identification",3
"boards",3
"sold",3
"taken",3
"map",3
"simicheck",3
"var",3
"intro",3
"timeout",3
"activation",3
"categorized",3
"changed",3
"designation",3
"processing",3
"certificate",3
"print",3
"credit",3
"pool",3
"late",3
"homepage",3
"followed",3
"expectations",3
"thickness",3
"competition",2
"zotero",2
"background",2
"hookable",2
"sentry",2
"unnumbered",2
"counter",2
"issued",2
"rewards",2
"castle",2
"favourable",2
"fork",2
"maturity",2
"mentioned",2
"relation",2
"introduction",2
"belboon",2
"net",2
"computed",2
"reader",2
"pr",2
"cell",2
"translatable",2
"govuk",2
"modifications",2
"manually",2
"confirm",2
"hint",2
"hostname",2
"multiple",2
"reopen",2
"sync",2
"star",2
"tracks",2
"suggestions",2
"symbol",2
"lifetime",2
"structure",2
"reward",2
"revision",2
"referring",2
"polls",2
"forks",2
"requestor",2
"every",2
"scribes",2
"gross",2
"problem",2
"posted",2
"plain",2
"playlist",2
"stream",2
"carrier",2
"labelable",2
"businesses",2
"biography",2
"positional",2
"planting",2
"assoc",2
"turnover",2
"keyword",2
"refunded",2
"pays",2
"submit",2
"verify",2
"valid",2
"stargazers",2
"adult",2
"dashboard",2
"weekly",2
"copyright",2
"inventory",2
"always",2
"crew",2
"erased",2
"word",2
"starred",2
"relevant",2
"supports",2
"menu",2
"bicycle",2
"join",2
"digital",2
"thread",2
"milliseconds",2
"kin",2
"reassign",2
"hub",2
"socialable",2
"contributions",2
"condition",2
"muhammad",2
"likeable",2
"via",2
"fav",2
"tab",2
"teammate",2
"dob",2
"consumed",2
"output",2
"persistence",2
"history",2
"ques",2
"laps",2
"flaggable",2
"rsa",2
"numbers",2
"yaml",2
"unrevealed",2
"voteable",2
"authorizable",2
"quote",2
"noticable",2
"validity",2
"values",2
"messages",2
"downvotes",2
"tagname",2
"crypt",2
"consultation",2
"yunus",2
"actor",2
"global",2
"font",2
"mailable",2
"txt",2
"adjustment",2
"bid",2
"subdomain",2
"timestep",2
"sandbox",2
"probability",2
"positive",2
"variables",2
"gift",2
"reservation",2
"unsubscribed",2
"promoter",2
"opening",2
"mime",2
"awardable",2
"seal",2
"promotional",2
"positioning",2
"writeit",2
"award",2
"spammable",2
"goods",2
"purchased",2
"ask",2
"draftable",2
"attachinariable",2
"unhidden",2
"next",2
"titles",2
"ga",2
"logged",2
"negative",2
"mailings",2
"filters",2
"requested",2
"incl",2
"markeddown",2
"accounting",2
"trusted",2
"fullsize",2
"ecologic",2
"be",2
"dept",2
"fastbill",2
"nameable",2
"actual",2
"contract",2
"bookmark",2
"ruler",2
"srid",2
"payload",2
"js",2
"rows",2
"lon",2
"marked",2
"neutral",2
"sanctioned",2
"canceled",2
"placeholders",2
"margin",2
"initials",2
"conventions",2
"chief",2
"cert",2
"grant",2
"shortcode",2
"apply",2
"internal",2
"appointment",2
"rateable",2
"exp",2
"versions",2
"express",2
"padding",2
"exercise",2
"downloads",2
"highlight",2
"eventable",2
"estimate",2
"stances",2
"preference",2
"heartable",2
"distance",2
"plagiarism",2
"issuer",2
"alternate",2
"paragraph",2
"lastfm",2
"sources",2
"trip",2
"checker",2
"rejection",2
"modifiable",2
"left",2
"spent",2
"addressable",2
"brand",2
"unsubscriber",2
"bookmarkable",2
"cheatsheet",2
"rules",2
"progress",2
"ia",2
"submitter",2
"similarity",2
"gcp",2
"wrangler",2
"vanity",2
"deployable",2
"annotated",2
"institution",2
"featurable",2
"ccx",2
"prod",2
"library",2
"permanent",2
"merged",2
"directions",2
"isbn",2
"address1",2
"mandatory",2
"conditional",2
"memo",2
"lifespan",2
"commands",2
"salient",2
"guid",2
"prompts",2
"stored",2
"blank",2
"sorting",2
"linkable",2
"dh",2
"delayed",2
"big",2
"kudos",2
"wants",2
"telephone",2
"threaded",2
"credits",2
"missed",2
"likable",2
"button",2
"address2",2
"guess",2
"postcode",2
"attrs",2
"requestable",2
"streamable",2
"fandoms",2
"skype",2
"snippet",2
"eua",2
"manual",2
"one",2
"fat",2
"voting",2
"average",2
"advertisement",2
"ldap",2
"gh",2
"cron",2
"populate",2
"leaf",2
"zipcode",2
"audio",2
"syncable",2
"planted",2
"characters",2
"experiences",2
"alpha",2
"documents",2
"antecedent",2
"life",2
"userid",2
"pinch",2
"extension",2
"gravatar",2
"popularity",2
"requirement",2
"iso",2
"reviewers",2
"garden",2
"town",2
"top",2
"x",2
"ranges",2
"relationships",2
"splash",2
"tokenize",2
"enqueued",2
"suggest",2
"consequent",2
"publisher",2
"metareviews",2
"aliasable",2
"searchable",2
"screencast",2
"orig",2
"reactable",2
"case",2
"blockable",2
"attribute",2
"akismet",2
"hoc",2
"departure",2
"spec",2
"objects",2
"sub",2
"yanked",2
"y",2
"confirmations",2
"freeforms",2
"corollary",2
"charge",2
"classroom",2
"duplicates",2
"heading",2
"fulfilled",2
"defaulted",2
"delivered",2
"cc",2
"reports",2
"report",2
"inactive",2
"arkivo",2
"config",2
"daily",2
"picable",2
"nonprofit",2
"exception",2
"plant",2
"business",2
"ignore",2
"txout",2
"staff",2
"sit",2
"automatically",2
"viewer",2
"anomaly",2
"updator",2
"expenses",1
"relevance",1
"busy",1
"covered",1
"touched",1
"helpcenter",1
"javascript",1
"authorisation",1
"levels",1
"trial",1
"acronym",1
"sponsors",1
"geocode",1
"capital",1
"commitment",1
"accumulated",1
"totp",1
"atra",1
"contacted",1
"qualified",1
"lyrics",1
"unusable",1
"watch",1
"importable",1
"sponsor",1
"timezonepref",1
"chart",1
"renewed",1
"comfort",1
"acl",1
"plugin",1
"disagreements",1
"scraper",1
"karma",1
"sector",1
"center",1
"git",1
"translator",1
"spoiler",1
"limited",1
"bgcolor",1
"bill",1
"bbox",1
"excerpt",1
"src",1
"instrument",1
"bibliotheca",1
"google",1
"topica",1
"pattern",1
"opted",1
"beginning",1
"hash",1
"accept",1
"summative",1
"backups",1
"claiming",1
"renamed",1
"toread",1
"prefer",1
"leaderboard",1
"weekday",1
"third",1
"found",1
"name1",1
"obj",1
"ape",1
"advanced",1
"ironman",1
"archivist",1
"chooser",1
"types",1
"mappings",1
"dsn",1
"ministerial",1
"missing",1
"smoking",1
"exact",1
"mailer",1
"si",1
"fetch",1
"occurred",1
"favourites",1
"boost",1
"operational",1
"enc",1
"holder",1
"md5",1
"retry",1
"calculated",1
"whiteboard",1
"initiator",1
"organic",1
"beta",1
"initialized",1
"voluntary",1
"graded",1
"historical",1
"replies",1
"grantor",1
"player",1
"side",1
"ua",1
"running",1
"alias",1
"idx",1
"attached",1
"too",1
"thumbnails",1
"toskip",1
"gallery",1
"campus",1
"pivotaltracker",1
"denied",1
"handles",1
"reverted",1
"code1",1
"datastream",1
"thanks",1
"comprehensive",1
"radius",1
"stamp",1
"combined",1
"mirrored",1
"architecture",1
"dead",1
"motto",1
"download",1
"salmon",1
"govspeak",1
"salary",1
"mix",1
"scandata",1
"checks",1
"featuring",1
"stashed",1
"letters",1
"cas",1
"recently",1
"between",1
"morph",1
"opened",1
"serving",1
"forrst",1
"esr",1
"privacy",1
"drafts",1
"descriptors",1
"instruction",1
"roll",1
"autologin",1
"gate",1
"commented",1
"bids",1
"curator",1
"explicit",1
"pinned",1
"gmo",1
"excluded",1
"responder",1
"physical",1
"consignment",1
"born",1
"grantee",1
"lower",1
"remark",1
"refreshed",1
"advisory",1
"rotated",1
"feed",1
"a",1
"reciprocal",1
"users",1
"whitelist",1
"pitch",1
"fatalities",1
"name2",1
"reg",1
"datatype",1
"meters",1
"passed",1
"sanctioning",1
"interest",1
"en",1
"untagged",1
"bookmarks",1
"get",1
"djvu",1
"packet",1
"offsite",1
"privy",1
"slogan",1
"conversations",1
"chapters",1
"geoprivacy",1
"councillors",1
"filesize",1
"definition",1
"dribbble",1
"projected",1
"landscape",1
"callback",1
"inappropriate",1
"todos",1
"loc",1
"government",1
"settlement",1
"bitfield",1
"staged",1
"importance",1
"heirloom",1
"self",1
"responded",1
"webcast",1
"invoicing",1
"weighting",1
"died",1
"racing",1
"downloadKey",1
"delegation",1
"profit",1
"resize",1
"correct",1
"our",1
"b",1
"recipe",1
"sets",1
"hire",1
"important",1
"listing",1
"code2",1
"deployment",1
"lga",1
"duty",1
"org",1
"measured",1
"enrollment",1
"silenced",1
"raised",1
"birthday",1
"link1",1
"health",1
"counsellor",1
"deletion",1
"reminder",1
"revised",1
"quality",1
"migrated",1
"specialties",1
"nominated",1
"periodicity",1
"upon",1
"shortname",1
"ngo",1
"recurring",1
"override",1
"effective",1
"ext",1
"tabbed",1
"availability",1
"referer",1
"doctype",1
"hashtag",1
"approve",1
"queriable",1
"perishable",1
"exemption",1
"composition",1
"acts",1
"choosers",1
"interesting",1
"variety",1
"finishers",1
"itemId",1
"images",1
"resolver",1
"downcase",1
"connected",1
"duplicate",1
"back",1
"binary",1
"deactivated",1
"subjects",1
"topical",1
"ta",1
"colour",1
"name3",1
"latlng",1
"take",1
"confidence",1
"plantings",1
"inherited",1
"exists",1
"reception",1
"precision",1
"tilt",1
"anniversary",1
"link2",1
"locality",1
"docs",1
"spreedly",1
"stranger",1
"safe",1
"backdate",1
"material",1
"admins",1
"agreement",1
"horizontal",1
"ham",1
"emailed",1
"ignores",1
"phrase",1
"alternatives",1
"corporate",1
"grid",1
"pass",1
"noted",1
"agree",1
"connection",1
"purge",1
60,1
"collections",1
"posting",1
"stateful",1
"adjusted",1
"micropayment",1
"facts",1
"split",1
"admin1",1
"frob",1
"ability",1
"dokku",1
"your",1
"magazine",1
"queued",1
"exchange",1
"real",1
"samplerate",1
"official",1
"serves",1
"answers",1
"more",1
"control",1
"ocpa",1
"code3",1
"had",1
"Hamer",1
"postponed",1
"ca",1
"priorization",1
"parented",1
"spoken",1
"publishing",1
"percent",1
"roles",1
"link3",1
"double",1
"bugs",1
"betatester",1
"peer",1
"normalized",1
"deletable",1
"rounds",1
"liker",1
"people",1
"vertical",1
"filtered",1
"break",1
"keyring",1
"ord",1
"autograded",1
"unactivated",1
"moved",1
"db",1
"budget",1
"incoming",1
"console",1
"bandwidth",1
"mandate",1
"marketplace",1
"breakdown",1
"waitlisted",1
"lastname",1
"insert",1
"resulting",1
"alternatenames",1
"imported",1
"stdout",1
"updating",1
"impact",1
"stitching",1
"random",1
"bitrate",1
"responses",1
"listener",1
"hashed",1
"delay",1
"advertise",1
"regulated",1
"sex",1
"account1",1
"dropdown",1
"alert",1
"Lauw",1
"stackoverflow",1
"requires",1
"synonym",1
"expertise",1
"failures",1
"navigation",1
"rights",1
"responsibilities",1
"built",1
"live",1
"microtask",1
"square",1
"popolo",1
"export",1
"deploy",1
"coefficients",1
"subscribed",1
"raise",1
"catalog",1
"agents",1
"iban",1
"transcribed",1
"county",1
"fatality",1
"non",1
"obtained",1
"approver",1
"funds",1
"same",1
"citation",1
"srtext",1
"voice",1
"skins",1
"ghost",1
"awards",1
"res",1
"triable",1
"mailgun",1
"are",1
"hangout",1
"suggested",1
"cat4",1
"originating",1
"stderr",1
"install",1
"hiring",1
"retried",1
"meme",1
"genre",1
"watching",1
"soon",1
"nametag",1
"track",1
"deed",1
"partner",1
"meetings",1
"hometown",1
"account2",1
"scale",1
"referee",1
"nodes",1
"applicant",1
"nonce",1
"merger",1
"welcome",1
"picker",1
"unpublishing",1
"tilted",1
"answered",1
"trace",1
"secretary",1
"indexed",1
"learning",1
"unread",1
"thumb",1
"bulk",1
"destination",1
"pictures",1
"zerply",1
"payer",1
"subgroups",1
"expectation",1
"assets",1
"bic",1
"iscorrect",1
"personal",1
"trades",1
"choose",1
"proj4text",1
"branding",1
"measurements",1
"minimize",1
"hour",1
"own",1
"choice",1
"devicon",1
"route",1
"writer",1
"greenfield",1
"meaningful",1
"yt",1
"builtin",1
"fix",1
"imageable",1
"bmx",1
"allows",1
"blacklisted",1
"technical",1
"exit",1
"aid",1
"binding",1
"msg",1
"deployed",1
"unsubscribe",1
"meets",1
"replaced",1
"hyperlinks",1
"minutes",1
"validation",1
"serial",1
"albums",1
"clicktocall",1
"timeframe",1
"scraped",1
"modlog",1
"badges",1
"perennial",1
"teamer",1
"impersonation",1
"severity",1
"remotely",1
"reminded",1
"speech",1
"cabinet",1
"prerelease",1
"fun",1
"realname",1
"experience",1
"publications",1
"usable",1
"pp",1
"cohort",1
"oec",1
"mean",1
"vacationing",1
"trashed",1
"masthead",1
"proof",1
"skippable",1
"calibrated",1
"listed",1
"bmi",1
"headline",1
"engines",1
"stylesheet",1
"placement",1
"matrix",1
"aside",1
"teaser",1
"white",1
"correction",1
"hoa",1
"suggestion",1
"batch",1
"cx",1
"arguments",1
"element",1
"swap",1
"pre",1
"careers",1
"em",1
"populated",1
"detected",1
"w",1
"register",1
"process",1
"deactivation",1
"species",1
"suburb",1
"bitbucket",1
"machine",1
"cancelable",1
"snippets",1
"unwrangleable",1
"reject",1
"signed",1
"ingredients",1
"shrink",1
"stub",1
"handmade",1
"defence",1
"licenses",1
"staleness",1
"withdraw",1
"questions",1
"picasa",1
"stop",1
"canton",1
"experiments",1
"queries",1
"four",1
"playlists",1
"standard",1
"confirmer",1
"mailbox",1
"direction",1
"json",1
"selfreview",1
"lean",1
"rec",1
"generated",1
"hook",1
"participate",1
"timespent",1
"indexable",1
"graph",1
"reporter",1
"directly",1
"unityID",1
"elements",1
"eager",1
"tools",1
"tohash",1
"memory",1
"ram",1
"succeeds",1
"foreground",1
"h",1
"long",1
"interests",1
"pay",1
"replacement",1
"hours",1
"quotations",1
"been",1
"codeplex",1
"ingress",1
"potential",1
"builds",1
"sortable",1
"mission",1
"prep",1
"force",1
"whip",1
"bankaccount",1
"requirements",1
"contexts",1
"enrollable",1
"coding",1
"swlat",1
"modify",1
"hireable",1
"seed",1
"outcomes",1
"incomplete",1
"popular",1
"funding",1
"waiver",1
"bordercolor",1
"down",1
"reputation",1
"lexicon",1
"oid",1
"example",1
"logout",1
"logins",1
"broken",1
"hearts",1
"flyers",1
"fromhash",1
"attempt",1
"institutions",1
"disk",1
"prize",1
"right",1
"jid",1
"headercolor",1
"tracked",1
"yesterday",1
"pence",1
"mru",1
"regulatory",1
"ipn",1
"uploads",1
"opportunities",1
"please",1
"phantom",1
"advice",1
"unavailable",1
"boolean",1
"achievements",1
"booking",1
"handled",1
"possible",1
"follow",1
"iso2",1
"bake",1
"manifest",1
"seniority",1
"ruby",1
"verbose",1
"gamified",1
"intelligent",1
"swlng",1
"conversions",1
"participating",1
"following",1
"chain",1
"flagged",1
"premium",1
"or",1
"heavy",1
"corrected",1
"reviewee",1
"pid",1
"dont",1
"algorithm",1
"see",1
"execution",1
"undecided",1
"clientperf",1
"n",1
"nation",1
"window",1
"googleplus",1
"powers",1
4,1
"occurrence",1
"nick",1
"cpu",1
"velodrome",1
"unreviewed",1
"subscribers",1
"grouping",1
"accent",1
"angular",1
"function",1
"rated",1
"happens",1
"contracts",1
"alerted",1
"privileged",1
"redeemed",1
"storage",1
"superapp",1
"services",1
"seconds",1
"dollars",1
"scheduled",1
"bought",1
"sha256",1
"calculate",1
"nelat",1
"outcome",1
"duedate",1
"spider",1
"sunniness",1
"calibration",1
"credential",1
"intent",1
"exam",1
"needs",1
"three",1
"calibrate",1
"f4",1
"ready",1
"identifications",1
"hitter",1
"bcc",1
"authored",1
"anchor",1
"super",1
"candidate",1
"each",1
"superseded",1
"winner",1
"orcid",1
"digits",1
"establishment",1
"employment",1
"node",1
"instructional",1
"common",1
"ie",1
"ui",1
"protips",1
"fixed",1
"detail",1
"master",1
"foi",1
"reserver",1
"simple",1
"population",1
"awarder",1
"mod",1
"claim",1
"harvested",1
"abuse",1
"layer",1
"reblog",1
"orders",1
"hits",1
"replaces",1
"nelng",1
"shown",1
"vector",1
"chapter",1
"months",1
"subkey",1
"contribute",1
"tail",1
"ssh",1
"canceller",1
"superuser",1
"challenges",1
"vouchers",1
"transactional",1
"numbered",1
"gateway",1
"counters",1
"addresses",1
"journal",1
"why",1
"reaction",1
"filetype",1
"mask",1
"superseding",1
"preliminary",1
"adress",1
"means",1
"without",1
"expression",1
"practice",1
"st",1
"favorites",1
"upgrade",1
"remove",1
"slack",1
"errored",1
"sample",1
"parliamentary",1
"exempt",1
"unsent",1
"seats",1
"dimensions",1
"staggered",1
"agreements",1
2011,1
"pushover",1
"http",1
"interface",1
"deleter",1
"locks",1
"sensitive",1
"businesslink",1
"rubygems",1
"woeid",1
"converted",1
"iframe",1
"tradable",1
"extern",1
"reactivateable",1
"single",1
"donations",1
"resubmitted",1
"headings",1
"authorization",1
"rand",1
"tentative",1
"accessed",1
"income",1
"tagging",1
"ages",1
